country,iso3
Algeria,DZA
Angola,AGO
Anguilla,AIA
Antigua and Barbuda,ATG
Argentina,ARG
Armenia,ARM
Australia,AUS
Austria,AUT
Bahamas,BHS
Bahrain,BHR
Bangladesh,BGD
Barbados,BRB
Belarus,BLR
Belgium,BEL
Belize,BLZ
Benin,BEN
Bermuda,BMU
Bhutan,BTN
Bolivia,BOL
Bosnia and Herzegovina,BIH
Botswana,BWA
Brazil,BRA
Brunei Darussalam,BRN
Bulgaria,BGR
Burkina Faso,BFA
Burundi,BDI
Cameroon,CMR
Canada,CAN
Cape Verde,CPV
Central African Republic,CAF
Chad,TCD
Chile,CHL
China,CHN
Colombia,COL
Comoros,COM
Congo,COG
Costa Rica,CRI
Cote d'Ivoire,CIV
Croatia,HRV
Cuba,CUB
Cyprus,CYP
Czechia,CZE
Democratic Republic of the Congo,COD
Denmark,DNK
Dominica,DMA
Dominican Republic,DOM
Ecuador,ECU
Egypt,EGY
El Salvador,SLV
Eritrea,ERI
Estonia,EST
Ethiopia,ETH
Fiji,FJI
Finland,FIN
France,FRA
French Guiana,GUF
Gabon,GAB
Gambia,GMB
Georgia,GEO
Germany,DEU
Ghana,GHA
Greece,GRC
Grenada,GRD
Guadeloupe,GLP
Guatemala,GTM
Guyana,GUY
Haiti,HTI
Honduras,HND
Hungary,HUN
Iceland,ISL
India,IND
Iran,IRN
Ireland,IRL
Israel,ISR
Italy,ITA
Jamaica,JAM
Japan,JPN
Jordan,JOR
Kenya,KEN
Kuwait,KWT
Lao PDR,LAO
Latvia,LVA
Lebanon,LBN
Lesotho,LSO
Lithuania,LTU
Luxembourg,LUX
Macedonia,MKD
Madagascar,MDG
Malawi,MWI
Malaysia,MYS
Maldives,MDV
Mali,MLI
Malta,MLT
Mauritania,MRT
Mauritius,MUS
Mexico,MEX
Mongolia,MNG
Montenegro,MNE
Morocco,MAR
Mozambique,MOZ
Myanmar,MMR
Namibia,NAM
Nepal,NPL
Netherlands,NLD
New Zealand,NZL
Nicaragua,NIC
Niger,NER
Nigeria,NGA
Norway,NOR
Oman,OMN
Pakistan,PAK
Palestine,PSE
Panama,PAN
Paraguay,PRY
Peru,PER
Philippines,PHL
Poland,POL
Portugal,PRT
Qatar,QAT
Republic of Korea,KOR
Reunion,REU
Romania,ROU
Russian Federation,RUS
Rwanda,RWA
Saint Kitts and Nevis,KNA
Saint Lucia,LCA
Saint Vincent and the Grenadines,VCT
Sao Tome and Principe,STP
Saudi Arabia,SAU
Senegal,SEN
Serbia,SRB
Seychelles,SYC
Sierra Leone,SLE
Singapore,SGP
Slovakia,SVK
Slovenia,SVN
Solomon Islands,SLB
South Africa,ZAF
Spain,ESP
Sri Lanka,LKA
Sudan,SDN
Suriname,SUR
Swaziland,SWZ
Sweden,SWE
Switzerland,CHE
Syrian Arab Republic,SYR
Tajikistan,TJK
Thailand,THA
Togo,TGO
Tonga,TON
Trinidad and Tobago,TTO
Tunisia,TUN
Turkey,TUR
Turkmenistan,TKM
Uganda,UGA
United Arab Emirates,ARE
United Kingdom,GBR
Tanzania,TZA
United States of America,USA
Uruguay,URY
Vanuatu,VUT
Venezuela,VEN
Viet Nam,VNM
Zambia,ZMB
Zimbabwe,ZWE
Kazakhstan,KAZ
Uzbekistan,UZB
Cambodia,KHM
Indonesia,IDN
Iraq,IRQ
Libya,LBY
Republic of Moldova,MDA
Ukraine,UKR